2020-10-06 05:47:35,"b'The more I read about @realDonaldTrump and Coronavirus,  the LESS I believe he even had/has it\n\nAmericans, please w\xe2\x80\xa6 https://t.co/aaDQwleKeU'",Twitter for Android,1313355200791445504,b'Bryn Lucas',b'Asker of questions/TV and radio presenter/broadcast journalist  appearing on stuff.\n\nInsta: thebrynlucas\n\npodcast: https://t.co/nEQtItJJHK\n\nMy views',b'London or all over the place'
2020-10-05 01:07:42,"b'#trumpvsbiden 39 vs 53 right nw difference is widening in polls still 1 month there . I Hope Trump comes back. As ""\xe2\x80\xa6 https://t.co/059RqTXP9l'",Twitter for Android,1312922376028516352,b'Dakshay Desai',b'Market participant l Tech & Funda analysis l 24x7 market time l former business analyst at IT firm | PM Modi Fan | BJP supporter by birth | Truly Indian',b'mumbai'
2020-10-05 01:03:36,b'https://t.co/YJ9A6xKrgh\n\n#Trump #biden #banknifty #sensex #NIFTYFUTURE #BANKNIFTYFUTURE #nifty #nasdaq #dowjones\xe2\x80\xa6 https://t.co/uc72g7sj7i',Twitter for Android,1312921346498850817,b'Dakshay Desai',b'Market participant l Tech & Funda analysis l 24x7 market time l former business analyst at IT firm | PM Modi Fan | BJP supporter by birth | Truly Indian',b'mumbai'
2020-10-04 18:59:14,"b""We're All Doomed - Trump Vs Biden - Weird Al Yankovic \n#WereAllDoomed #WeirdAl #WeirdAlYankovic #trumpvsbiden\xe2\x80\xa6 https://t.co/FNm0VE2BGV""",Twitter for Android,1312829650037608448,b'Carrie Lynn \xf0\x9f\x90\xb1\xf0\x9f\x90\xbe\xf0\x9f\x95\x89\xef\xb8\x8f',"b'Vegan factory-worker, movie lover, cat lady and MS survivor that went back to school. \n\xe2\x98\x80\xef\xb8\x8f\xe2\x99\x93\xe2\x96\xaa\xf0\x9f\x8c\x9c\xe2\x99\x8a\xe2\x96\xab\xef\xb8\x8fPluto/\xe2\x99\x8e Rising'","b'Dry Ridge, Kentucky'"
2020-10-06 08:20:02,"b""Just 2 more weeks until #DonaldTrump's #UniversalHealthCare that's totally not #Socialism but covers #PreExistingConditions comes out""",Twitter for Android,1313393564907384833,b'J Hirtle',"b'screaming into the void \nsend all concerns to House of Commons\nOttawa, Ontario Canada K1A 0A6'",b'p.e.i.'
